name,9876543210,name1_234@gmail.com
name,9876543210,name1_234@gmail.com
name,9876543210,name1_234@gmail.com
name,9876543210,name1_234@gmail.com
name,9876543210,name1_234@gmail.com
name,9876543210,name1_234@gmail.com
name,9876543210,name1_234@gmail.com
name,9876543210,name1_234@gmail.com
name,9876543210,name1_234@gmail.com
name,9876543210,name1_234@gmail.com
name,9876543210,name1_234@gmail.com
name,9876543210,name1_234@gmail.com
name,9876543210,name1_234@gmail.com
name,9876543210,name1_234@gmail.com
name,9876543210,name1_234@gmail.com
name,9876543210,name1_234@gmail.com
name,9876543210,name1_234@gmail.com
name,9876543210,name1_234@gmail.com
name,9876543210,name1_234@gmail.com
name,9876543210,name1_234@gmail.com
name,9876543210,name1_234@gmail.com
name,9876543210,name1_234@gmail.com
name,9876543210,name1_234@gmail.com
name,9876543210,name1_234@gmail.com
name,9876543210,name1_234@gmail.com
name,9876543210,name1_234@gmail.com
name,9876543210,name1_234@gmail.com



